KPI Name,Value,Date,Notes
Monthly Revenue,120000,2024-10-01,
Monthly Revenue,125000,2024-10-08,
Monthly Revenue,130000,2024-10-15,
Monthly Revenue,135000,2024-10-22,
Monthly Revenue,140000,2024-11-01,
Monthly Revenue,150000,2024-11-18,Strong growth
Customer Count,5450,2024-10-01,
Customer Count,5480,2024-10-08,
Customer Count,5500,2024-10-15,
Customer Count,5600,2024-10-22,
Customer Count,5550,2024-11-01,
Customer Count,5420,2024-11-18,Slight decline
Conversion Rate,3.0,2024-10-01,
Conversion Rate,3.1,2024-10-08,
Conversion Rate,2.8,2024-10-15,
Conversion Rate,2.9,2024-10-22,
Conversion Rate,3.0,2024-11-01,
Conversion Rate,3.2,2024-11-18,Improved targeting